{
  "info" : {
    "author" : "xcode",
    "version" : 1
  },
  "properties" : {
    "grid-size" : "regular"
  },
  "stickers" : [
    {
      "filename" : "chezit.sticker"
    },
    {
      "filename" : "I-heart-ftc-transparent.sticker"
    },
    {
      "filename" : "purple_nn.sticker"
    },
    {
      "filename" : "Georiga.sticker"
    },
    {
      "filename" : "Golden_Nerd_small.sticker"
    },
    {
      "filename" : "suspicious_duck.sticker"
    },
    {
      "filename" : "SKYRUKUS_500.sticker"
    },
    {
      "filename" : "Bob_500.sticker"
    },
    {
      "filename" : "LED_500.sticker"
    },
    {
      "filename" : "Shirley_500.sticker"
    },
    {
      "filename" : "Brick_500.sticker"
    },
    {
      "filename" : "claw_500.sticker"
    },
    {
      "filename" : "Gear_tree_500.sticker"
    }
  ]
}
